{
  "UT Yadav": 8.762264150943395,
  "M Morkel": 7.213872832369942,
  "Shakib Al Hasan": 8.318181818181818,
  "SP Narine": 7.446153846153846,
  "AD Russell": 7.873517786561265,
  "PP Chawla": 7.763033175355449,
  "SL Malinga": 7.1936339522546415,
  "R Vinay Kumar": 8.431818181818182,
  "CJ Anderson": 7.043478260869566,
  "JJ Bumrah": 11.1340206185567,
  "PP Ojha": 12.545454545454545,
  "Harbhajan Singh": 7.655172413793104,
  "JA Morkel": 9.287671232876711,
  "NM Coulter-Nile": 7.4600760456273765,
  "DJ Muthuswami": 7.518072289156627,
  "Imran Tahir": 8.63013698630137,
  "A Mishra": 7.5,
  "JP Duminy": 7.245283018867925,
  "A Nehra": 7.078125,
  "MM Sharma": 8.269340974212033,
  "IC Pandey": 7.148936170212766,
  "R Ashwin": 5.7238493723849375,
  "DJ Bravo": 8.191950464396285,
  "Sandeep Sharma": 6.870967741935484,
  "Anureet Singh": 8.897196261682243,
  "AR Patel": 8.229166666666666,
  "Karanveer Singh": 11.023255813953488,
  "MG Johnson": 9.02608695652174,
  "TG Southee": 8.793103448275861,
  "CH Morris": 7.4944237918215615,
  "DS Kulkarni": 7.909090909090908,
  "JP Faulkner": 9.278571428571428,
  "PV Tambe": 7.862068965517241,
  "STR Binny": 7.220338983050847,
  "B Kumar": 7.807453416149069,
  "TA Boult": 7.933333333333334,
  "I Sharma": 10.977272727272727,
  "KV Sharma": 8.521008403361344,
  "RS Bopara": 8.065573770491802,
  "Parvez Rasool": 6.206896551724139,
  "RA Jadeja": 7.750972762645915,
  "SA Abbott": 10.258064516129032,
  "HV Patel": 7.416974169741697,
  "VR Aaron": 9.589285714285715,
  "AN Ahmed": 10.24,
  "DJG Sammy": 8.823529411764707,
  "YS Chahal": 8.829787234042552,
  "KC Cariappa": 15.272727272727273,
  "YK Pathan": 9.966101694915254,
  "DJ Hooda": 8.125,
  "JD Unadkat": 10.588235294117647,
  "AD Mathews": 8.119565217391305,
  "Yuvraj Singh": 8.222222222222223,
  "P Suyal": 8.818181818181818,
  "J Suchith": 8.495798319327731,
  "KA Pollard": 8.774999999999999,
  "R Dhawan": 8.461538461538462,
  "P Kumar": 8.855895196506552,
  "A Ashish Reddy": 8.166666666666668,
  "S Gopal": 11.5,
  "PJ Cummins": 9.507692307692308,
  "GB Hogg": 7.0476190476190474,
  "P Negi": 8.505494505494505,
  "RG More": 9.833333333333332,
  "GJ Maxwell": 9.29032258064516,
  "DW Steyn": 8.921739130434784,
  "NLTC Perera": 9,
  "Ankit Sharma": 7.976470588235294,
  "SR Watson": 8.5,
  "Iqbal Abdulla": 7.45,
  "D Wiese": 8.275862068965518,
  "MJ McClenaghan": 7.796052631578948,
  "HH Pandya": 10.075471698113208,
  "Shivam Sharma": 15.529411764705884,
  "R Tewatia": 10.235294117647058,
  "J Botha": 8.065573770491802,
  "MC Henriques": 6.26923076923077,
  "Bipul Sharma": 7.317073170731707,
  "MA Starc": 6.7749077490774905,
  "S Nadeem": 5.8604651162790695,
  "V Kohli": 6,
  "M Vijay": 7.043478260869566,
  "Z Khan": 6.1558441558441555,
  "SK Raina": 7.324675324675324,
  "SN Thakur": 12.315789473684212,
  "J Theron": 9.600000000000001,
  "GS Sandhu": 10.851063829787234,
  "R Bhatia": 9.724137931034482,
  "RN ten Doeschate": 4,
  "S Aravind": 7.2660550458715605,
  "M de Lange": 7.199999999999999,
  "BE Hendricks": 8.296296296296296,
  "Gurkeerat Singh": 7.090909090909092,
  "J Yadav": 4.097560975609756,
  "AB Dinda": 11.625,
  "Azhar Mahmood": 12.631578947368421,
  "BB Sran": 11.052631578947368,
  "CH Gayle": 8,
  "DR Smith": 9.272727272727273
}
