{
  "UT Yadav": 1.460377358490566,
  "M Morkel": 1.2023121387283238,
  "Shakib Al Hasan": 1.3863636363636365,
  "SP Narine": 1.241025641025641,
  "AD Russell": 1.3122529644268774,
  "PP Chawla": 1.2938388625592416,
  "SL Malinga": 1.1989389920424403,
  "R Vinay Kumar": 1.4053030303030303,
  "CJ Anderson": 1.173913043478261,
  "JJ Bumrah": 1.8556701030927836,
  "PP Ojha": 2.090909090909091,
  "Harbhajan Singh": 1.2758620689655173,
  "JA Morkel": 1.547945205479452,
  "NM Coulter-Nile": 1.2433460076045628,
  "DJ Muthuswami": 1.2530120481927711,
  "Imran Tahir": 1.4383561643835616,
  "A Mishra": 1.25,
  "JP Duminy": 1.2075471698113207,
  "A Nehra": 1.1796875,
  "MM Sharma": 1.3782234957020056,
  "IC Pandey": 1.1914893617021276,
  "R Ashwin": 0.9539748953974896,
  "DJ Bravo": 1.3653250773993808,
  "Sandeep Sharma": 1.1451612903225807,
  "Anureet Singh": 1.482866043613707,
  "AR Patel": 1.3715277777777777,
  "Karanveer Singh": 1.8372093023255813,
  "MG Johnson": 1.5043478260869565,
  "TG Southee": 1.4655172413793103,
  "CH Morris": 1.2490706319702602,
  "DS Kulkarni": 1.3181818181818181,
  "JP Faulkner": 1.5464285714285715,
  "PV Tambe": 1.3103448275862069,
  "STR Binny": 1.2033898305084745,
  "B Kumar": 1.3012422360248448,
  "TA Boult": 1.3222222222222222,
  "I Sharma": 1.8295454545454546,
  "KV Sharma": 1.4201680672268908,
  "RS Bopara": 1.3442622950819672,
  "Parvez Rasool": 1.0344827586206897,
  "RA Jadeja": 1.2918287937743191,
  "SA Abbott": 1.7096774193548387,
  "HV Patel": 1.2361623616236161,
  "VR Aaron": 1.5982142857142858,
  "AN Ahmed": 1.7066666666666668,
  "DJG Sammy": 1.4705882352941178,
  "YS Chahal": 1.4716312056737588,
  "KC Cariappa": 2.5454545454545454,
  "YK Pathan": 1.6610169491525424,
  "DJ Hooda": 1.3541666666666667,
  "JD Unadkat": 1.7647058823529411,
  "AD Mathews": 1.3532608695652173,
  "Yuvraj Singh": 1.3703703703703705,
  "P Suyal": 1.4696969696969697,
  "J Suchith": 1.415966386554622,
  "KA Pollard": 1.4625,
  "R Dhawan": 1.4102564102564104,
  "P Kumar": 1.4759825327510918,
  "A Ashish Reddy": 1.3611111111111112,
  "S Gopal": 1.9166666666666667,
  "PJ Cummins": 1.5846153846153845,
  "GB Hogg": 1.1746031746031746,
  "P Negi": 1.4175824175824177,
  "RG More": 1.6388888888888888,
  "GJ Maxwell": 1.5483870967741935,
  "DW Steyn": 1.4869565217391305,
  "NLTC Perera": 1.5,
  "Ankit Sharma": 1.3294117647058823,
  "SR Watson": 1.4166666666666667,
  "Iqbal Abdulla": 1.2416666666666667,
  "D Wiese": 1.3793103448275863,
  "MJ McClenaghan": 1.299342105263158,
  "HH Pandya": 1.679245283018868,
  "Shivam Sharma": 2.588235294117647,
  "R Tewatia": 1.7058823529411764,
  "J Botha": 1.3442622950819672,
  "MC Henriques": 1.044871794871795,
  "Bipul Sharma": 1.2195121951219512,
  "MA Starc": 1.1291512915129152,
  "S Nadeem": 0.9767441860465116,
  "V Kohli": 1,
  "M Vijay": 1.173913043478261,
  "Z Khan": 1.025974025974026,
  "SK Raina": 1.2207792207792207,
  "SN Thakur": 2.0526315789473686,
  "J Theron": 1.6,
  "GS Sandhu": 1.8085106382978724,
  "R Bhatia": 1.6206896551724137,
  "RN ten Doeschate": 0.6666666666666666,
  "S Aravind": 1.2110091743119267,
  "M de Lange": 1.2,
  "BE Hendricks": 1.382716049382716,
  "Gurkeerat Singh": 1.1818181818181819,
  "J Yadav": 0.6829268292682927,
  "AB Dinda": 1.9375,
  "Azhar Mahmood": 2.1052631578947367,
  "BB Sran": 1.8421052631578947,
  "CH Gayle": 1.3333333333333333,
  "DR Smith": 1.5454545454545454
}
